Camera,Burrow,On,Off
101,113,03-May-2013 00:00,15-May-2013 10:15
101,113,15-May-2013 12:34,15-May-2013 17:19
101,113,15-May-2013 17:40,15-May-2013 18:40
101,113,16-May-2013 08:14,18-May-2013 12:06
101,402,03-Jun-2013 12:04,11-Jun-2013 08:28
101,402,11-Jun-2013 08:29,13-Jun-2013 10:04
102,205,03-May-2013 00:00,06-May-2013 16:20
102,205,06-May-2013 16:42,07-May-2013 14:26
102,40,07-May-2013 14:27,15-May-2013 10:15
102,40,15-May-2013 12:34,15-May-2013 17:19
102,40,15-May-2013 17:40,15-May-2013 18:40
102,40,16-May-2013 08:14,18-May-2013 12:15
102,40,11-Jun-2013 08:29,13-Jun-2013 10:04
103,48,03-May-2013 00:00,03-May-2013 10:34
103,48,03-May-2013 13:55,03-May-2013 16:05
103,48,03-May-2013 17:35,13-May-2013 09:34
103,48,13-May-2013 09:49,13-May-2013 11:11
103,48,13-May-2013 11:15,13-May-2013 13:23
103,48,13-May-2013 14:03,15-May-2013 10:15
103,48,15-May-2013 12:34,15-May-2013 17:19
103,48,15-May-2013 17:40,15-May-2013 18:40
103,48,16-May-2013 08:14,18-May-2013 12:06
103,330,03-Jun-2013 13:02,11-Jun-2013 08:28
103,330,11-Jun-2013 08:29,11-Jun-2013 17:00
103,330,11-Jun-2013 17:10,13-Jun-2013 10:04
104,66,03-May-2013 00:00,13-May-2013 09:34
104,66,13-May-2013 09:49,13-May-2013 11:11
104,66,13-May-2013 11:15,13-May-2013 13:23
104,66,13-May-2013 14:03,15-May-2013 10:15
104,66,15-May-2013 12:34,15-May-2013 17:19
104,66,15-May-2013 17:40,15-May-2013 18:40
104,66,16-May-2013 08:14,18-May-2013 12:06
104,66,11-Jun-2013 08:29,13-Jun-2013 10:04
104,66,25-Jun-2013 00:01,12-Jul-2013 23:59
105,309,03-May-2013 00:00,03-May-2013 11:19
105,309,03-May-2013 13:55,03-May-2013 15:41
105,329,03-May-2013 15:42,03-May-2013 15:43
105,329,04-May-2013 00:00,13-May-2013 09:34
105,329,13-May-2013 09:49,13-May-2013 11:11
105,329,13-May-2013 11:15,13-May-2013 13:35
105,329,13-May-2013 14:03,15-May-2013 10:15
105,329,15-May-2013 12:34,15-May-2013 17:21
105,329,15-May-2013 17:40,15-May-2013 18:40
105,329,16-May-2013 08:14,18-May-2013 12:06
105,329,11-Jun-2013 08:29,13-Jun-2013 10:04
105,329,25-Jun-2013 00:01,12-Jul-2013 23:59
106,220,03-May-2013 00:00,03-May-2013 11:19
106,220,03-May-2013 13:55,03-May-2013 15:58
106,265,03-May-2013 15:59,03-May-2013 17:13
106,265,03-May-2013 17:37,06-May-2013 16:20
106,265,06-May-2013 16:42,07-May-2013 14:09
106,213,07-May-2013 14:11,09-May-2013 11:46
106,99,09-May-2013 11:51,13-May-2013 09:34
106,99,13-May-2013 09:49,13-May-2013 11:11
106,99,13-May-2013 11:15,13-May-2013 13:23
106,99,13-May-2013 14:03,15-May-2013 10:15
106,99,15-May-2013 12:34,15-May-2013 17:21
106,99,15-May-2013 17:40,15-May-2013 18:40
106,99,16-May-2013 08:14,18-May-2013 11:45
106,99,11-Jun-2013 08:29,11-Jun-2013 17:00
106,99,11-Jun-2013 17:10,13-Jun-2013 10:04
106,99,25-Jun-2013 00:01,12-Jul-2013 23:59
107,65,03-May-2013 00:00,03-May-2013 00:00
107,65,05-May-2013 00:00,13-May-2013 09:37
107,65,13-May-2013 09:49,13-May-2013 11:10
107,65,13-May-2013 11:51,13-May-2013 13:22
107,65,13-May-2013 14:02,15-May-2013 10:15
107,65,15-May-2013 12:34,15-May-2013 17:21
107,65,15-May-2013 17:40,15-May-2013 18:40
107,65,16-May-2013 08:14,18-May-2013 12:05
107,65,11-Jun-2013 08:29,13-Jun-2013 10:04
108,278,03-May-2013 00:00,13-May-2013 09:37
108,278,13-May-2013 09:49,13-May-2013 11:10
108,278,13-May-2013 11:51,13-May-2013 13:22
108,278,13-May-2013 14:02,15-May-2013 10:15
108,278,15-May-2013 12:34,15-May-2013 17:21
108,278,15-May-2013 17:40,15-May-2013 18:40
108,278,16-May-2013 08:14,18-May-2013 12:12
108,336,03-Jun-2013 13:00,11-Jun-2013 08:28
108,336,11-Jun-2013 08:29,13-Jun-2013 10:04
109,276,03-May-2013 00:00,13-May-2013 09:37
109,276,13-May-2013 09:49,13-May-2013 11:10
109,276,13-May-2013 11:51,13-May-2013 13:22
109,276,13-May-2013 14:02,15-May-2013 10:15
109,276,15-May-2013 12:34,15-May-2013 17:20
109,276,15-May-2013 17:39,15-May-2013 18:40
109,276,16-May-2013 08:14,18-May-2013 12:00
109,276,11-Jun-2013 08:29,11-Jun-2013 17:00
109,276,11-Jun-2013 17:10,13-Jun-2013 10:04
109,276,27-Jun-2013 04:59,12-Jul-2013 23:59
110,133,03-May-2013 00:00,13-May-2013 17:28
110,22,13-May-2013 17:29,15-May-2013 10:17
110,22,15-May-2013 12:36,15-May-2013 18:39
110,22,16-May-2013 08:14,18-May-2013 11:00
110,24,18-May-2013 11:01,18-May-2013 11:50
110,24,11-Jun-2013 08:29,13-Jun-2013 10:04
110,360,16-Jun-2013 10:30,25-Jun-2013 10:31
110,419,25-Jun-2013 10:32,27-Jun-2013 04:52
110,419,27-Jun-2013 04:59,08-Jul-2013 16:38
110,419,08-Jul-2013 16:40,12-Jul-2013 23:59
111,312,03-May-2013 00:00,09-May-2013 12:03
111,292,09-May-2013 12:04,13-May-2013 09:37
111,292,13-May-2013 09:49,13-May-2013 11:10
111,292,13-May-2013 11:51,13-May-2013 13:22
111,292,13-May-2013 14:02,15-May-2013 10:15
111,292,15-May-2013 12:34,15-May-2013 17:20
111,292,15-May-2013 17:39,15-May-2013 18:40
111,292,16-May-2013 08:14,18-May-2013 11:52
111,407,10-Jun-2013 13:17,11-Jun-2013 08:28
111,407,11-Jun-2013 08:29,13-Jun-2013 10:04
111,407,13-Jun-2013 10:37,13-Jun-2013 10:37
111,407,25-Jun-2013 00:01,12-Jul-2013 23:59
112,47,03-May-2013 00:00,13-May-2013 09:41
112,47,13-May-2013 09:49,13-May-2013 11:10
112,47,13-May-2013 11:51,13-May-2013 13:27
112,47,13-May-2013 14:03,15-May-2013 10:15
112,47,15-May-2013 12:34,15-May-2013 17:20
112,47,15-May-2013 17:39,15-May-2013 18:40
112,47,16-May-2013 08:14,18-May-2013 12:05
112,47,11-Jun-2013 08:29,11-Jun-2013 11:44
112,48,11-Jun-2013 11:46,13-Jun-2013 10:04
112,48,13-Jun-2013 10:37,13-Jun-2013 10:37
112,48,25-Jun-2013 00:01,12-Jul-2013 23:59
113,244,04-May-2013 00:00,13-May-2013 09:41
113,244,13-May-2013 09:49,13-May-2013 11:10
113,244,13-May-2013 11:51,13-May-2013 13:27
113,244,13-May-2013 14:03,15-May-2013 10:15
113,244,15-May-2013 12:34,15-May-2013 17:20
113,244,15-May-2013 17:39,15-May-2013 18:40
113,244,16-May-2013 08:14,18-May-2013 12:16
113,244,11-Jun-2013 08:29,13-Jun-2013 10:04
113,244,13-Jun-2013 10:37,13-Jun-2013 10:37
113,244,25-Jun-2013 00:01,12-Jul-2013 23:59
114,125,03-May-2013 00:00,03-May-2013 11:16
114,125,03-May-2013 13:55,13-May-2013 09:41
114,125,13-May-2013 09:49,13-May-2013 11:10
114,125,13-May-2013 11:51,13-May-2013 13:27
114,125,13-May-2013 14:03,15-May-2013 10:15
114,125,15-May-2013 12:34,15-May-2013 17:20
114,125,15-May-2013 17:39,15-May-2013 18:40
114,125,16-May-2013 08:14,18-May-2013 11:47
114,125,19-May-2013 00:00,26-May-2013 16:34
114,158,11-Jun-2013 08:29,13-Jun-2013 10:04
115,79,03-May-2013 00:00,03-May-2013 11:17
115,79,03-May-2013 13:55,03-May-2013 17:07
115,79,03-May-2013 17:35,05-May-2013 00:00
115,79,06-May-2013 00:00,06-May-2013 16:20
115,79,06-May-2013 16:42,07-May-2013 14:14
115,42,07-May-2013 14:18,15-May-2013 10:15
115,42,15-May-2013 12:34,15-May-2013 17:20
115,42,15-May-2013 17:39,15-May-2013 18:40
115,42,16-May-2013 08:14,18-May-2013 11:52
115,42,11-Jun-2013 08:29,13-Jun-2013 10:04
116,321,03-May-2013 00:00,03-May-2013 11:17
116,321,03-May-2013 13:55,03-May-2013 16:00
116,282,03-May-2013 16:00,06-May-2013 16:20
116,282,06-May-2013 16:42,07-May-2013 14:06
116,311,27-May-2013 09:49,28-May-2013 13:50
116,311,29-May-2013 08:14,11-Jun-2013 08:28
116,311,11-Jun-2013 08:29,13-Jun-2013 10:04
116,331,15-Jun-2013 11:53,12-Jul-2013 23:59
117,198,03-May-2013 00:00,03-May-2013 11:17
117,198,03-May-2013 13:55,13-May-2013 09:41
117,198,13-May-2013 09:49,13-May-2013 11:10
117,198,13-May-2013 11:51,13-May-2013 13:27
117,198,13-May-2013 14:03,15-May-2013 10:15
117,198,15-May-2013 12:34,15-May-2013 17:20
117,198,15-May-2013 17:39,15-May-2013 18:40
117,198,16-May-2013 08:14,18-May-2013 11:50
117,30,03-Jun-2013 12:08,11-Jun-2013 08:28
117,30,11-Jun-2013 08:29,13-Jun-2013 10:04
117,405,14-Jun-2013 12:39,26-Jun-2013 09:16
117,405,26-Jun-2013 09:16,26-Jun-2013 09:17
117,420,26-Jun-2013 09:17,27-Jun-2013 04:52
117,420,27-Jun-2013 04:59,12-Jul-2013 23:59
118,199,03-May-2013 00:00,13-May-2013 09:35
118,199,13-May-2013 09:53,13-May-2013 11:10
118,199,13-May-2013 11:51,13-May-2013 13:35
118,199,13-May-2013 14:02,15-May-2013 10:15
118,199,15-May-2013 12:34,15-May-2013 17:20
118,199,15-May-2013 17:39,15-May-2013 18:40
118,199,16-May-2013 08:14,18-May-2013 12:00
118,199,11-Jun-2013 08:29,11-Jun-2013 17:00
118,199,11-Jun-2013 17:10,13-Jun-2013 10:04
118,199,13-Jun-2013 10:37,16-Jun-2013 10:27
118,361,16-Jun-2013 10:55,17-Jun-2013 13:48
118,361,18-Jun-2013 08:29,24-Jun-2013 08:20
118,361,25-Jun-2013 00:01,12-Jul-2013 23:59
119,172,04-May-2013 00:00,13-May-2013 09:35
119,172,13-May-2013 09:53,13-May-2013 11:10
119,172,13-May-2013 11:51,13-May-2013 13:35
119,172,13-May-2013 14:02,15-May-2013 10:15
119,172,15-May-2013 12:34,15-May-2013 17:20
119,172,15-May-2013 17:39,15-May-2013 18:41
119,172,16-May-2013 08:14,18-May-2013 11:50
119,172,11-Jun-2013 08:29,11-Jun-2013 17:00
119,172,11-Jun-2013 17:11,13-Jun-2013 10:04
119,172,25-Jun-2013 00:01,12-Jul-2013 23:59
120,325,03-May-2013 00:00,03-May-2013 11:17
120,325,03-May-2013 13:55,03-May-2013 17:12
120,325,03-May-2013 17:35,04-May-2013 15:57
120,333,04-May-2013 15:58,06-May-2013 16:20
120,333,06-May-2013 16:42,09-May-2013 11:45
120,220,09-May-2013 11:45,12-May-2013 09:10
120,130,12-May-2013 09:11,13-May-2013 09:35
120,130,13-May-2013 09:53,13-May-2013 11:10
120,130,13-May-2013 11:51,13-May-2013 13:35
120,130,13-May-2013 14:02,15-May-2013 10:17
120,130,15-May-2013 12:36,15-May-2013 18:39
120,130,16-May-2013 08:14,18-May-2013 10:24
120,283,18-May-2013 10:26,18-May-2013 12:17
120,396,29-May-2013 10:21,11-Jun-2013 08:28
120,396,11-Jun-2013 08:29,13-Jun-2013 10:04
120,386,15-Jun-2013 11:11,20-Jun-2013 12:17
120,386,20-Jun-2013 12:25,27-Jun-2013 04:52
120,386,27-Jun-2013 04:59,08-Jul-2013 16:38
120,386,08-Jul-2013 16:40,12-Jul-2013 23:59
121,112,03-May-2013 00:00,03-May-2013 11:17
121,112,03-May-2013 13:55,03-May-2013 15:33
121,109,03-May-2013 15:36,03-May-2013 17:12
121,109,03-May-2013 17:35,04-May-2013 16:52
121,110,05-May-2013 08:31,13-May-2013 09:35
121,110,13-May-2013 09:53,13-May-2013 11:10
121,110,13-May-2013 11:51,13-May-2013 13:35
121,110,13-May-2013 14:02,15-May-2013 10:15
121,110,15-May-2013 12:34,15-May-2013 17:20
121,110,15-May-2013 17:39,15-May-2013 18:41
121,110,16-May-2013 08:14,18-May-2013 11:11
121,240,18-May-2013 11:12,18-May-2013 12:17
121,240,11-Jun-2013 08:29,13-Jun-2013 10:04
121,240,25-Jun-2013 00:01,12-Jul-2013 23:59
122,200,03-May-2013 00:00,06-May-2013 16:20
122,200,06-May-2013 16:42,07-May-2013 14:19
122,209,07-May-2013 14:22,09-May-2013 12:16
122,372,09-May-2013 12:17,15-May-2013 10:15
122,372,15-May-2013 12:34,15-May-2013 17:20
122,372,15-May-2013 17:39,15-May-2013 18:41
122,372,16-May-2013 08:14,18-May-2013 11:56
122,372,11-Jun-2013 08:29,13-Jun-2013 10:04
122,372,25-Jun-2013 00:01,12-Jul-2013 23:59
123,275,03-May-2013 00:00,03-May-2013 11:17
123,275,03-May-2013 13:55,03-May-2013 15:39
123,277,03-May-2013 15:41,13-May-2013 09:19
123,277,13-May-2013 09:50,13-May-2013 11:09
123,277,13-May-2013 11:48,13-May-2013 13:23
123,277,13-May-2013 14:03,15-May-2013 10:17
123,277,15-May-2013 12:36,15-May-2013 18:39
123,277,16-May-2013 08:14,18-May-2013 10:46
123,162,18-May-2013 10:50,18-May-2013 11:47
123,162,11-Jun-2013 08:29,13-Jun-2013 10:04
123,162,21-Jun-2013 12:39,21-Jun-2013 12:39
123,162,25-Jun-2013 00:01,12-Jul-2013 23:59
124,257,04-May-2013 00:00,15-May-2013 10:15
124,257,15-May-2013 12:34,15-May-2013 17:20
124,257,15-May-2013 17:39,15-May-2013 18:41
124,257,16-May-2013 08:14,18-May-2013 11:58
124,257,11-Jun-2013 08:29,13-Jun-2013 10:04
124,257,13-Jun-2013 10:37,13-Jun-2013 10:37
124,257,25-Jun-2013 00:01,29-Jun-2013 11:07
124,198,29-Jun-2013 11:08,12-Jul-2013 23:59
125,109,29-Apr-2013 17:01,01-May-2013 15:02
125,272,01-May-2013 15:02,12-May-2013 11:35
125,350,29-May-2013 10:00,05-Jun-2013 15:10
125,350,06-Jun-2013 00:00,20-Jun-2013 05:00
125,416,20-Jun-2013 05:01,27-Jun-2013 04:58
125,416,27-Jun-2013 05:07,09-Jul-2013 14:30
126,116,29-Apr-2013 00:00,07-May-2013 14:19
126,112,07-May-2013 14:24,10-May-2013 15:23
126,298,10-May-2013 15:23,13-May-2013 17:06
127,308,29-Apr-2013 00:00,01-May-2013 16:02
127,258,13-Jun-2013 10:37,14-Jun-2013 11:38
127,404,14-Jun-2013 12:40,12-Jul-2013 23:59
128,263,29-Apr-2013 00:00,07-May-2013 13:59
128,191,11-Jun-2013 09:43,11-Jun-2013 17:01
128,191,11-Jun-2013 17:11,13-Jun-2013 10:05
128,191,13-Jun-2013 10:37,20-Jun-2013 12:17
128,191,20-Jun-2013 12:25,27-Jun-2013 04:58
128,191,27-Jun-2013 05:07,12-Jul-2013 23:59
129,248,29-Apr-2013 00:00,18-May-2013 10:37
129,173,11-Jun-2013 17:11,12-Jul-2013 23:59
130,243,29-Apr-2013 00:00,13-May-2013 16:16
130,75,13-May-2013 16:17,17-May-2013 09:48
130,75,28-May-2013 13:29,03-Jun-2013 12:20
130,398,13-Jun-2013 10:37,20-Jun-2013 12:17
130,398,20-Jun-2013 12:25,12-Jul-2013 23:59
131,18,29-Apr-2013 00:00,18-May-2013 10:58
131,381,11-Jun-2013 17:11,12-Jul-2013 23:59
132,179,29-Apr-2013 00:00,01-May-2013 09:38
132,341,11-Jun-2013 17:11,13-Jun-2013 10:05
132,341,13-Jun-2013 10:37,12-Jul-2013 23:59
133,293,16-Jun-2013 10:26,12-Jul-2013 23:59
134,391,13-Jun-2013 10:37,12-Jul-2013 23:59
135,353,26-May-2013 16:30,31-May-2013 09:24
135,250,15-Jun-2013 11:19,27-Jun-2013 04:58
135,250,27-Jun-2013 05:07,12-Jul-2013 23:59
136,218,29-Apr-2013 00:00,12-May-2013 09:06
136,218,26-May-2013 16:41,30-May-2013 15:52
136,138,06-Jun-2013 09:37,11-Jun-2013 08:40
136,138,11-Jun-2013 08:40,11-Jun-2013 19:28
136,339,11-Jun-2013 19:29,29-Jun-2013 10:42
136,138,29-Jun-2013 10:43,12-Jul-2013 23:59
137,250,28-May-2013 13:29,05-Jun-2013 19:30
137,249,15-Jun-2013 11:17,07-Jul-2013 10:04
137,249,07-Jul-2013 11:29,12-Jul-2013 23:59
138,54,13-Jun-2013 10:37,12-Jul-2013 23:59
139,269,29-Apr-2013 00:00,18-May-2013 10:19
139,191,28-May-2013 13:29,05-Jun-2013 19:14
139,338,13-Jun-2013 10:37,27-Jun-2013 04:58
139,338,27-Jun-2013 05:07,12-Jul-2013 23:59
140,72,28-May-2013 13:29,03-Jun-2013 12:16
140,73,13-Jun-2013 10:37,12-Jul-2013 23:59
141,166,29-Apr-2013 00:00,12-May-2013 11:46
141,167,13-Jun-2013 10:37,27-Jun-2013 04:59
141,167,27-Jun-2013 05:06,12-Jul-2013 23:59
142,326,29-Apr-2013 00:00,01-May-2013 09:33
142,340,11-Jun-2013 10:00,11-Jun-2013 17:01
142,340,11-Jun-2013 17:11,12-Jul-2013 23:59
143,343,11-Jun-2013 17:11,13-Jun-2013 10:06
143,343,13-Jun-2013 10:37,15-Jun-2013 11:00
143,410,15-Jun-2013 11:01,27-Jun-2013 04:59
143,410,27-Jun-2013 05:06,12-Jul-2013 23:59
144,259,29-Apr-2013 00:00,09-May-2013 12:29
144,145,09-May-2013 12:30,12-May-2013 11:30
145,84,27-May-2013 10:38,31-May-2013 09:27
145,269,31-May-2013 09:29,03-Jun-2013 12:44
145,345,13-Jun-2013 10:37,17-Jun-2013 10:29
145,413,17-Jun-2013 10:32,20-Jun-2013 10:33
145,269,20-Jun-2013 10:33,27-Jun-2013 04:59
145,269,27-Jun-2013 05:06,12-Jul-2013 23:59
146,28,29-Apr-2013 00:00,09-May-2013 12:31
146,362,16-Jun-2013 10:55,27-Jun-2013 04:59
146,362,27-Jun-2013 05:06,12-Jul-2013 23:59
147,58,11-Jun-2013 17:11,13-Jun-2013 10:05
147,58,13-Jun-2013 10:37,27-Jun-2013 04:59
147,58,27-Jun-2013 05:07,12-Jul-2013 23:59
148,418,22-Jun-2013 11:34,27-Jun-2013 04:59
148,418,27-Jun-2013 05:07,12-Jul-2013 23:59
149,317,29-Apr-2013 00:00,01-May-2013 11:11
149,306,01-May-2013 11:13,12-May-2013 00:00
149,306,14-May-2013 00:00,16-May-2013 00:00
149,346,11-Jun-2013 17:10,13-Jun-2013 10:06
149,346,13-Jun-2013 10:37,17-Jun-2013 10:27
149,100,17-Jun-2013 10:33,27-Jun-2013 05:06
150,70,29-Apr-2013 00:00,12-May-2013 00:00
150,70,11-Jun-2013 08:45,11-Jun-2013 17:00
150,70,11-Jun-2013 17:10,13-Jun-2013 10:06
150,70,13-Jun-2013 10:37,27-Jun-2013 04:59
151,105,29-Apr-2013 00:00,12-May-2013 00:00
151,105,14-May-2013 00:00,16-May-2013 00:00
151,187,05-Jun-2013 19:12,11-Jun-2013 08:44
151,187,11-Jun-2013 08:45,11-Jun-2013 17:00
151,187,11-Jun-2013 17:10,13-Jun-2013 10:04
151,187,13-Jun-2013 10:37,20-Jun-2013 12:16
151,187,20-Jun-2013 12:24,27-Jun-2013 04:59
151,187,27-Jun-2013 05:07,04-Jul-2013 06:33
152,59,29-Apr-2013 00:00,01-May-2013 10:58
152,62,01-May-2013 11:07,09-May-2013 11:43
152,60,09-May-2013 11:45,12-May-2013 00:00
152,60,14-May-2013 00:00,16-May-2013 00:00
152,60,11-Jun-2013 17:10,13-Jun-2013 10:06
152,60,13-Jun-2013 10:37,27-Jun-2013 05:01
152,60,27-Jun-2013 05:08,04-Jul-2013 18:26
153,178,29-Apr-2013 00:00,12-May-2013 00:00
153,178,12-May-2013 00:00,13-May-2013 14:20
153,339,13-May-2013 14:21,16-May-2013 00:00
153,224,06-Jun-2013 09:53,11-Jun-2013 08:44
153,224,11-Jun-2013 08:45,11-Jun-2013 17:00
153,224,11-Jun-2013 17:10,13-Jun-2013 10:05
153,224,13-Jun-2013 10:38,16-Jun-2013 13:58
154,241,29-Apr-2013 00:00,12-May-2013 00:00
154,241,14-May-2013 00:00,18-May-2013 10:22
154,331,26-May-2013 16:31,30-May-2013 15:59
154,380,11-Jun-2013 17:10,13-Jun-2013 10:05
154,380,13-Jun-2013 10:38,15-Jun-2013 11:40
154,211,15-Jun-2013 11:40,15-Jun-2013 11:40
155,106,14-May-2013 00:00,16-May-2013 00:00
155,106,11-Jun-2013 17:10,13-Jun-2013 10:06
155,106,13-Jun-2013 10:37,20-Jun-2013 10:28
155,86,20-Jun-2013 10:29,27-Jun-2013 05:06
156,168,29-Apr-2013 00:00,10-May-2013 20:16
156,217,14-May-2013 00:00,16-May-2013 00:00
156,217,11-Jun-2013 17:10,13-Jun-2013 10:05
156,217,13-Jun-2013 10:38,28-Jun-2013 05:00
156,217,29-Jun-2013 05:45,29-Jun-2013 05:45
157,318,29-Apr-2013 00:00,13-May-2013 16:24
157,64,13-May-2013 16:24,13-May-2013 16:24
157,64,11-Jun-2013 17:10,13-Jun-2013 10:06
157,64,13-Jun-2013 10:37,15-Jun-2013 12:02
157,411,15-Jun-2013 12:04,27-Jun-2013 05:06
158,19,29-Apr-2013 00:00,03-May-2013 15:33
158,260,03-May-2013 15:34,12-May-2013 00:00
158,260,14-May-2013 00:00,16-May-2013 00:00
158,406,06-Jun-2013 10:41,11-Jun-2013 07:52
158,406,11-Jun-2013 08:44,11-Jun-2013 17:01
158,406,11-Jun-2013 17:10,13-Jun-2013 10:05
159,121,29-Apr-2013 00:00,29-Apr-2013 17:31
159,304,29-Apr-2013 17:33,29-Apr-2013 17:33
159,304,14-May-2013 00:00,16-May-2013 00:00
159,148,11-Jun-2013 17:10,13-Jun-2013 10:06
159,148,13-Jun-2013 10:37,15-Jun-2013 11:50
159,241,15-Jun-2013 11:51,27-Jun-2013 05:06
160,264,29-Apr-2013 00:00,01-May-2013 10:13
160,310,01-May-2013 10:14,09-May-2013 12:23
160,23,09-May-2013 12:24,12-May-2013 00:00
160,23,14-May-2013 00:00,18-May-2013 11:05
160,389,13-Jun-2013 10:38,21-Jun-2013 06:41
161,151,29-Apr-2013 00:00,01-May-2013 11:17
161,6,01-May-2013 11:17,03-May-2013 15:13
161,152,03-May-2013 15:14,12-May-2013 00:00
161,152,14-May-2013 00:00,16-May-2013 00:00
161,152,11-Jun-2013 17:10,13-Jun-2013 10:06
161,152,13-Jun-2013 10:37,17-Jun-2013 10:38
161,72,17-Jun-2013 10:40,20-Jun-2013 12:26
161,72,20-Jun-2013 12:37,27-Jun-2013 05:06
161,72,27-Jun-2013 05:10,02-Jul-2013 17:47
162,319,29-Apr-2013 00:00,29-Apr-2013 00:00
162,319,11-Jun-2013 17:10,13-Jun-2013 10:06
162,319,13-Jun-2013 10:37,15-Jun-2013 11:23
162,75,15-Jun-2013 11:24,27-Jun-2013 05:01
162,75,27-Jun-2013 05:08,01-Jul-2013 08:39
163,80,29-Apr-2013 00:00,12-May-2013 00:00
163,80,14-May-2013 00:00,16-May-2013 00:00
163,80,11-Jun-2013 17:10,13-Jun-2013 10:05
163,80,13-Jun-2013 10:38,26-Jun-2013 19:53
164,314,26-May-2013 16:29,30-May-2013 16:12
164,62,11-Jun-2013 17:10,13-Jun-2013 10:04
164,62,13-Jun-2013 10:37,27-Jun-2013 05:01
164,62,27-Jun-2013 05:08,29-Jun-2013 13:06
165,12,29-Apr-2013 00:00,29-Apr-2013 00:00
165,388,29-May-2013 09:38,30-May-2013 16:01
165,242,11-Jun-2013 17:10,13-Jun-2013 10:06
165,242,13-Jun-2013 10:38,27-Jun-2013 05:06
165,242,27-Jun-2013 05:10,29-Jun-2013 18:45
166,120,29-Apr-2013 00:00,03-May-2013 15:16
166,202,03-May-2013 15:17,12-May-2013 00:00
166,202,14-May-2013 00:00,16-May-2013 00:00
166,202,11-Jun-2013 17:10,13-Jun-2013 10:06
166,202,13-Jun-2013 10:38,15-Jun-2013 11:48
166,379,15-Jun-2013 11:49,27-Jun-2013 05:06
167,215,29-Apr-2013 00:00,12-May-2013 00:00
167,215,14-May-2013 00:00,16-May-2013 00:00
167,279,11-Jun-2013 17:10,13-Jun-2013 10:05
167,279,13-Jun-2013 10:38,18-Jun-2013 04:36
168,224,29-Apr-2013 00:00,09-May-2013 12:06
168,176,09-May-2013 12:08,18-May-2013 10:41
168,326,11-Jun-2013 17:10,13-Jun-2013 10:05
168,326,13-Jun-2013 10:38,15-Jun-2013 05:12
169,86,29-Apr-2013 00:00,12-May-2013 00:00
169,86,14-May-2013 00:00,16-May-2013 00:00
169,222,31-May-2013 09:22,05-Jun-2013 21:02
169,222,11-Jun-2013 08:44,11-Jun-2013 17:01
169,222,11-Jun-2013 17:10,13-Jun-2013 10:04
169,222,13-Jun-2013 10:37,27-Jun-2013 05:06
169,222,27-Jun-2013 05:10,04-Jul-2013 12:03
170,68,29-Apr-2013 00:00,03-May-2013 16:09
170,216,03-May-2013 16:11,12-May-2013 00:00
170,216,14-May-2013 00:00,16-May-2013 00:00
170,68,30-May-2013 16:09,08-Jun-2013 00:30
170,68,11-Jun-2013 08:45,11-Jun-2013 17:05
170,68,11-Jun-2013 17:10,13-Jun-2013 10:04
170,68,13-Jun-2013 10:37,27-Jun-2013 05:01
170,68,27-Jun-2013 05:08,01-Jul-2013 18:46
171,397,29-May-2013 10:16,04-Jun-2013 15:53
171,397,11-Jun-2013 08:45,11-Jun-2013 17:05
171,397,11-Jun-2013 17:10,13-Jun-2013 10:05
171,397,13-Jun-2013 10:38,14-Jun-2013 02:22
172,251,29-Apr-2013 00:00,02-May-2013 15:40
172,251,03-May-2013 07:50,12-May-2013 00:00
172,251,14-May-2013 00:00,18-May-2013 10:25
172,251,29-May-2013 10:24,10-Jun-2013 13:59
172,251,11-Jun-2013 08:44,11-Jun-2013 17:01
172,251,11-Jun-2013 17:10,13-Jun-2013 10:05
172,251,13-Jun-2013 10:38,27-Jun-2013 05:06
173,290,29-Apr-2013 00:00,18-May-2013 10:39
173,91,11-Jun-2013 08:49,11-Jun-2013 17:01
173,91,11-Jun-2013 17:11,13-Jun-2013 10:06
173,91,13-Jun-2013 10:38,21-Jun-2013 17:56
174,91,29-Apr-2013 00:00,03-May-2013 16:08
174,226,11-Jun-2013 17:10,13-Jun-2013 10:05
174,226,13-Jun-2013 10:38,27-Jun-2013 05:06
175,291,11-Jun-2013 17:11,13-Jun-2013 10:06
175,291,13-Jun-2013 10:38,15-Jun-2013 10:59
175,355,15-Jun-2013 10:59,22-Jun-2013 05:15
176,122,03-Jun-2013 12:59,10-Jun-2013 22:00
176,122,11-Jun-2013 08:49,11-Jun-2013 17:01
176,122,11-Jun-2013 17:11,13-Jun-2013 10:06
176,122,13-Jun-2013 10:38,26-Jun-2013 05:04
177,111,29-Apr-2013 00:00,01-May-2013 15:04
177,392,11-Jun-2013 17:10,13-Jun-2013 10:06
177,392,13-Jun-2013 10:38,13-Jun-2013 10:38
178,165,11-Jun-2013 08:49,11-Jun-2013 17:01
178,165,11-Jun-2013 17:11,13-Jun-2013 10:06
178,165,13-Jun-2013 10:38,27-Jun-2013 05:06
178,165,27-Jun-2013 05:10,30-Jun-2013 17:20
179,103,29-Apr-2013 00:00,09-May-2013 12:14
179,186,11-Jun-2013 17:11,13-Jun-2013 10:06
179,186,13-Jun-2013 10:38,26-Jun-2013 05:52
180,270,11-Jun-2013 17:10,13-Jun-2013 10:05
180,270,13-Jun-2013 10:38,27-Jun-2013 05:06
181,186,29-Apr-2013 00:00,03-May-2013 16:02
181,92,11-Jun-2013 08:49,11-Jun-2013 17:01
181,92,11-Jun-2013 17:11,13-Jun-2013 10:06
181,92,13-Jun-2013 10:38,26-Jun-2013 16:50
182,118,30-May-2013 15:34,05-Jun-2013 11:08
182,118,11-Jun-2013 08:49,11-Jun-2013 17:01
182,118,11-Jun-2013 17:10,13-Jun-2013 10:06
182,118,13-Jun-2013 10:38,27-Jun-2013 05:06
183,38,11-Jun-2013 08:49,11-Jun-2013 17:01
183,38,11-Jun-2013 17:11,13-Jun-2013 10:06
183,38,13-Jun-2013 10:38,14-Jun-2013 06:19
184,190,29-Apr-2013 00:00,01-May-2013 16:17
184,286,11-Jun-2013 17:10,13-Jun-2013 10:05
184,286,13-Jun-2013 10:38,27-Jun-2013 05:07
184,286,27-Jun-2013 05:14,28-Jun-2013 16:44
185,254,29-Apr-2013 00:00,03-May-2013 15:28
185,195,03-May-2013 15:34,09-May-2013 12:33
185,373,11-Jun-2013 17:11,13-Jun-2013 10:05
185,373,13-Jun-2013 10:05,20-Jun-2013 11:36
185,13,20-Jun-2013 11:37,27-Jun-2013 05:06
186,282,29-Apr-2013 09:41,01-May-2013 16:10
186,355,01-May-2013 16:10,18-May-2013 10:28
186,371,11-Jun-2013 08:49,11-Jun-2013 17:01
186,371,11-Jun-2013 17:11,13-Jun-2013 10:06
186,371,13-Jun-2013 10:38,27-Jun-2013 05:06
187,261,11-Jun-2013 08:49,11-Jun-2013 17:01
187,261,11-Jun-2013 17:11,13-Jun-2013 10:05
187,261,13-Jun-2013 10:38,18-Jun-2013 05:11
188,4,29-Apr-2013 00:00,03-May-2013 15:21
188,394,29-May-2013 09:47,11-Jun-2013 06:12
188,394,11-Jun-2013 08:49,11-Jun-2013 17:01
188,394,11-Jun-2013 17:11,13-Jun-2013 10:05
188,394,13-Jun-2013 10:38,16-Jun-2013 10:29
188,412,16-Jun-2013 10:55,27-Jun-2013 05:06
189,153,29-Apr-2013 00:00,07-May-2013 14:20
189,27,07-May-2013 14:25,12-May-2013 11:32
189,237,11-Jun-2013 17:11,13-Jun-2013 10:05
189,237,13-Jun-2013 10:38,22-Jun-2013 11:44
189,417,22-Jun-2013 11:55,27-Jun-2013 05:07
189,417,27-Jun-2013 05:14,29-Jun-2013 11:27
190,225,29-Apr-2013 00:00,03-May-2013 15:51
190,180,11-Jun-2013 08:49,11-Jun-2013 17:01
190,180,11-Jun-2013 17:11,13-Jun-2013 10:05
190,180,13-Jun-2013 10:38,14-Jun-2013 02:10
191,273,29-Apr-2013 00:00,09-May-2013 12:36
191,374,11-Jun-2013 08:49,11-Jun-2013 17:01
191,374,11-Jun-2013 17:11,13-Jun-2013 10:05
191,374,13-Jun-2013 10:38,24-Jun-2013 17:02
192,98,29-May-2013 10:15,05-Jun-2013 19:39
192,375,05-Jun-2013 19:40,11-Jun-2013 17:01
192,375,11-Jun-2013 17:11,13-Jun-2013 10:05
192,375,13-Jun-2013 10:38,18-Jun-2013 12:30
192,414,18-Jun-2013 12:32,27-Jun-2013 05:07
192,414,27-Jun-2013 05:14,05-Jul-2013 19:50
193,13,29-Apr-2013 00:00,03-May-2013 15:23
193,13,29-May-2013 09:40,07-Jun-2013 13:03
193,13,11-Jun-2013 08:49,11-Jun-2013 17:01
193,13,11-Jun-2013 17:11,13-Jun-2013 10:05
193,13,13-Jun-2013 10:38,15-Jun-2013 11:55
193,14,15-Jun-2013 11:55,20-Jun-2013 13:11
194,387,30-May-2013 15:47,05-Jun-2013 17:58
194,176,05-Jun-2013 17:58,10-Jun-2013 13:45
194,176,11-Jun-2013 08:49,11-Jun-2013 17:01
194,176,11-Jun-2013 17:11,13-Jun-2013 10:05
194,176,13-Jun-2013 10:38,16-Jun-2013 09:23
195,280,11-Jun-2013 08:50,11-Jun-2013 17:01
195,280,11-Jun-2013 17:10,13-Jun-2013 10:05
195,280,13-Jun-2013 10:05,27-Jun-2013 05:06
195,280,27-Jun-2013 05:10,02-Jul-2013 20:08
196,289,29-Apr-2013 00:00,03-May-2013 16:03
196,185,03-May-2013 16:05,09-May-2013 12:09
196,400,29-May-2013 10:28,02-Jun-2013 11:38
196,103,02-Jun-2013 11:38,11-Jun-2013 08:49
196,103,11-Jun-2013 08:50,11-Jun-2013 17:01
196,103,11-Jun-2013 17:10,13-Jun-2013 10:05
196,103,13-Jun-2013 10:38,27-Jun-2013 05:06
197,189,29-Apr-2013 00:00,09-May-2013 12:11
197,408,13-Jun-2013 10:38,27-Jun-2013 05:10
198,156,29-Apr-2013 00:00,03-May-2013 15:34
198,247,11-Jun-2013 08:54,11-Jun-2013 17:01
198,247,13-Jun-2013 10:38,27-Jun-2013 05:10
199,240,29-Apr-2013 00:00,01-May-2013 15:22
199,350,01-May-2013 15:23,09-May-2013 12:18
199,44,09-May-2013 12:19,12-May-2013 09:24
199,155,12-May-2013 09:26,18-May-2013 10:53
199,351,13-Jun-2013 10:38,27-Jun-2013 05:10
200,303,29-Apr-2013 17:09,03-May-2013 15:44
200,28,13-Jun-2013 10:38,14-Jun-2013 11:39
200,356,14-Jun-2013 12:41,27-Jun-2013 05:09
200,356,27-Jun-2013 05:21,04-Jul-2013 14:31
201,43,29-Apr-2013 00:00,09-May-2013 12:27
201,153,09-May-2013 12:28,12-May-2013 09:31
201,309,13-Jun-2013 10:38,27-Jun-2013 05:10
202,194,29-Apr-2013 00:00,03-May-2013 15:27
202,296,03-May-2013 15:29,09-May-2013 12:36
202,379,29-May-2013 09:43,30-May-2013 16:04
202,241,30-May-2013 16:07,03-Jun-2013 12:52
202,403,13-Jun-2013 10:38,20-Jun-2013 12:18
202,403,20-Jun-2013 12:35,27-Jun-2013 05:10
202,403,27-Jun-2013 05:10,04-Jul-2013 14:30
203,192,29-Apr-2013 00:00,01-May-2013 15:10
203,274,01-May-2013 15:14,03-May-2013 15:17
203,390,29-May-2013 09:51,11-Jun-2013 08:50
203,390,11-Jun-2013 08:54,11-Jun-2013 17:01
203,390,13-Jun-2013 10:38,29-Jun-2013 11:16
203,422,29-Jun-2013 11:19,07-Jul-2013 20:11
204,193,29-Apr-2013 00:00,03-May-2013 15:25
204,192,03-May-2013 15:26,07-May-2013 14:12
204,246,07-May-2013 14:15,09-May-2013 11:57
204,82,09-May-2013 12:00,12-May-2013 09:05
204,332,12-May-2013 09:05,13-May-2013 16:05
204,349,13-May-2013 16:05,18-May-2013 10:59
204,301,13-Jun-2013 10:38,27-Jun-2013 05:10
205,228,11-Jun-2013 08:54,11-Jun-2013 17:00
205,228,13-Jun-2013 10:38,27-Jun-2013 05:10
206,5,29-Apr-2013 00:00,03-May-2013 15:17
206,401,30-May-2013 16:08,11-Jun-2013 19:53
206,335,13-Jun-2013 10:38,15-Jun-2013 11:29
206,401,15-Jun-2013 11:29,20-Jun-2013 12:19
206,401,20-Jun-2013 12:38,29-Jun-2013 10:16
206,421,29-Jun-2013 10:22,06-Jul-2013 16:18
207,253,29-Apr-2013 00:00,09-May-2013 12:12
207,107,13-Jun-2013 10:38,18-Jun-2013 12:12
207,343,18-Jun-2013 12:13,27-Jun-2013 05:10
208,395,13-Jun-2013 10:38,18-Jun-2013 12:19
208,415,18-Jun-2013 12:19,27-Jun-2013 05:09
208,415,27-Jun-2013 05:21,28-Jun-2013 16:55
209,45,13-Jun-2013 10:38,27-Jun-2013 05:10
210,15,13-Jun-2013 10:38,27-Jun-2013 05:10
211,108,29-Apr-2013 00:00,29-Apr-2013 17:30
211,3,29-Apr-2013 17:31,01-May-2013 15:14
211,171,13-Jun-2013 10:38,15-Jun-2013 11:37
211,278,15-Jun-2013 11:38,27-Jun-2013 05:10
212,234,13-Jun-2013 10:38,27-Jun-2013 05:10
213,162,29-Apr-2013 00:00,01-May-2013 15:27
213,328,01-May-2013 15:27,12-May-2013 09:28
213,310,13-Jun-2013 10:38,27-Jun-2013 05:10
213,310,27-Jun-2013 05:10,27-Jun-2013 06:01
213,175,27-Jun-2013 06:01,10-Jul-2013 20:06
214,196,29-Apr-2013 00:00,01-May-2013 15:06
214,27,29-May-2013 09:53,11-Jun-2013 08:53
214,27,11-Jun-2013 08:54,11-Jun-2013 17:00
214,27,13-Jun-2013 10:38,27-Jun-2013 05:10
215,134,13-Jun-2013 10:38,22-Jun-2013 20:30
215,134,23-Jun-2013 04:16,27-Jun-2013 05:10
216,8,29-Apr-2013 00:00,10-May-2013 16:21
216,378,10-May-2013 16:22,12-May-2013 11:37
216,383,12-May-2013 11:44,18-May-2013 11:07
216,119,11-Jun-2013 08:54,11-Jun-2013 17:00
216,119,13-Jun-2013 10:38,27-Jun-2013 05:10
217,209,29-Apr-2013 00:00,01-May-2013 15:27
217,46,29-May-2013 10:04,09-Jun-2013 20:29
217,46,10-Jun-2013 04:13,10-Jun-2013 20:30
217,46,13-Jun-2013 10:38,27-Jun-2013 05:10
218,287,11-Jun-2013 08:54,11-Jun-2013 17:00
218,287,13-Jun-2013 10:38,27-Jun-2013 05:10
218,287,27-Jun-2013 05:10,29-Jun-2013 10:44
218,400,29-Jun-2013 10:44,04-Jul-2013 07:23
219,96,29-Apr-2013 09:41,03-May-2013 15:55
219,230,03-May-2013 15:55,14-May-2013 14:10
219,230,13-Jun-2013 10:38,27-Jun-2013 05:10
220,95,29-Apr-2013 00:00,01-May-2013 16:14
220,97,01-May-2013 16:14,03-May-2013 15:56
220,229,26-May-2013 16:42,11-Jun-2013 08:53
220,229,11-Jun-2013 08:54,11-Jun-2013 17:00
220,229,13-Jun-2013 10:38,15-Jun-2013 11:06
220,268,15-Jun-2013 11:06,20-Jun-2013 12:17
220,268,20-Jun-2013 12:25,27-Jun-2013 05:10
